[
  {
    "title": "Prayer for Day 1",
    "text": "Lorem ipsum dolor sit amet, consectetur adipiscing elit. Donec nec justo eget felis facilisis fermentum.",
    "footnotes": ["note 1", "note 2", "note 3"]
  },
  {
    "title": "Prayer for Day 2",
    "text": "Vestibulum ante ipsum primis in faucibus orci luctus et ultrices posuere cubilia curae.",
    "footnotes": ["note 1", "note 2", "note 3"]
  },
  {
    "title": "Prayer for Day 3",
    "text": "Curabitur at lacus ac velit ornare lobortis. Integer tincidunt. Cras dapibus.",
    "footnotes": ["note 1", "note 2", "note 3"]
  },
  {
    "title": "Prayer for Day 4",
    "text": "Aenean leo ligula, porttitor eu, consequat vitae, eleifend ac, enim. Aliquam lorem ante.",
    "footnotes": ["note 1", "note 2", "note 3"]
  },
  {
    "title": "Prayer for Day 5",
    "text": "Suspendisse potenti. Donec elit libero, sodales nec, volutpat a, suscipit non, turpis.",
    "footnotes": ["note 1", "note 2", "note 3"]
  },
  {
    "title": "Prayer for Day 6",
    "text": "Quisque rutrum. Aenean imperdiet. Etiam ultricies nisi vel augue.",
    "footnotes": ["note 1", "note 2", "note 3"]
  },
  {
    "title": "Prayer for Day 7",
    "text": "Maecenas ullamcorper dui et placerat feugiat. Phasellus volutpat metus eget egestas mollis.",
    "footnotes": ["note 1", "note 2", "note 3"]
  },
  {
    "title": "Prayer for Day 8",
    "text": "Vestibulum turpis sem, aliquet eget, lobortis pellentesque, rutrum eu, nisl.",
    "footnotes": ["note 1", "note 2", "note 3"]
  },
  {
    "title": "Prayer for Day 9",
    "text": "Fusce pharetra convallis urna. Quisque ut nisi. Donec pede justo, fringilla vel, aliquet nec, vulputate eget.",
    "footnotes": ["note 1", "note 2", "note 3"]
  },
  {
    "title": "Prayer for Day 10",
    "text": "Aliquam erat volutpat. Morbi nec metus. Phasellus leo dolor, tempus non, auctor et, hendrerit quis, nisi.",
    "footnotes": ["note 1", "note 2", "note 3"]
  },
  {
    "title": "Prayer for Day 11",
    "text": "Nullam dictum felis eu pede mollis pretium. Integer tincidunt.",
    "footnotes": ["note 1", "note 2", "note 3"]
  },
  {
    "title": "Prayer for Day 12",
    "text": "Vivamus elementum semper nisi. Aenean vulputate eleifend tellus.",
    "footnotes": ["note 1", "note 2", "note 3"]
  },
  {
    "title": "Prayer for Day 13",
    "text": "Pellentesque habitant morbi tristique senectus et netus et malesuada fames ac turpis egestas.",
    "footnotes": ["note 1", "note 2", "note 3"]
  },
  {
    "title": "Prayer for Day 14",
    "text": "Cras dapibus. Nulla facilisi. Integer tincidunt erat a mauris.",
    "footnotes": ["note 1", "note 2", "note 3"]
  },
  {
    "title": "Prayer for Day 15",
    "text": "Nam quam nunc, blandit vel, luctus pulvinar, hendrerit id, lorem.",
    "footnotes": ["note 1", "note 2", "note 3"]
  },
  {
    "title": "Prayer for Day 16",
    "text": "Sed mollis, eros et ultrices tempus, mauris ipsum aliquam libero, non adipiscing dolor urna a orci.",
    "footnotes": ["note 1", "note 2", "note 3"]
  },
  {
    "title": "Prayer for Day 17",
    "text": "Donec vitae sapien ut libero venenatis faucibus. Integer tincidunt.",
    "footnotes": ["note 1", "note 2", "note 3"]
  },
  {
    "title": "Prayer for Day 18",
    "text": "Curabitur ullamcorper ultricies nisi. Nam eget dui.",
    "footnotes": ["note 1", "note 2", "note 3"]
  },
  {
    "title": "Prayer for Day 19",
    "text": "Vestibulum dapibus nunc ac augue. Praesent ac massa at ligula laoreet iaculis.",
    "footnotes": ["note 1", "note 2", "note 3"]
  },
  {
    "title": "Prayer for Day 20",
    "text": "Vivamus in erat ut urna cursus vestibulum. Sed aliquam ultrices mauris.",
    "footnotes": ["note 1", "note 2", "note 3"]
  },
  {
    "title": "Prayer for Day 21",
    "text": "Mauris turpis nunc, blandit et, volutpat molestie, porta ut, ligula.",
    "footnotes": ["note 1", "note 2", "note 3"]
  },
  {
    "title": "Prayer for Day 22",
    "text": "Fusce a quam. Praesent venenatis metus at tortor pulvinar varius.",
    "footnotes": ["note 1", "note 2", "note 3"]
  },
  {
    "title": "Prayer for Day 23",
    "text": "Nam pretium turpis et arcu. Suspendisse enim turpis, dictum sed, iaculis a, condimentum nec, nisi.",
    "footnotes": ["note 1", "note 2", "note 3"]
  },
  {
    "title": "Prayer for Day 24",
    "text": "Quisque id odio. Cras ultricies mi eu turpis hendrerit fringilla.",
    "footnotes": ["note 1", "note 2", "note 3"]
  },
  {
    "title": "Prayer for Day 25",
    "text": "Vestibulum ante ipsum primis in faucibus orci luctus et ultrices posuere cubilia curae.",
    "footnotes": ["note 1", "note 2", "note 3"]
  },
  {
    "title": "Prayer for Day 26",
    "text": "Mauris sollicitudin fermentum libero. Integer tincidunt.",
    "footnotes": ["note 1", "note 2", "note 3"]
  },
  {
    "title": "Prayer for Day 27",
    "text": "Pellentesque egestas, neque sit amet convallis pulvinar, justo nulla eleifend augue, ac auctor orci leo non est.",
    "footnotes": ["note 1", "note 2", "note 3"]
  },
  {
    "title": "Prayer for Day 28",
    "text": "Aliquam lorem ante, dapibus in, viverra quis, feugiat a, tellus.",
    "footnotes": ["note 1", "note 2", "note 3"]
  },
  {
    "title": "Prayer for Day 29",
    "text": "Etiam feugiat lorem non metus. Vestibulum volutpat pretium libero.",
    "footnotes": ["note 1", "note 2", "note 3"]
  },
  {
    "title": "Prayer for Day 30",
    "text": "Donec interdum, metus et hendrerit aliquet, dolor diam sagittis ligula, eget egestas libero turpis vel mi.",
    "footnotes": ["note 1", "note 2", "note 3"]
  },
  {
    "title": "Prayer for Day 31",
    "text": "Curabitur ullamcorper ultricies nisi. Praesent ac massa at ligula laoreet iaculis.",
    "footnotes": ["note 1", "note 2", "note 3"]
  }
]
