[
  {
    "title": "Welcome the Traveler",
    "duration": "3:06",
    "description": "",
    "audio": "/songs/Welcome the Traveler.m4a"
  },
  {
    "title": "Come to Me",
    "duration": "3:27",
    "description": "",
    "audio": "/songs/God Gave Me Everything.m4a"
  },
  {
    "title": "A New Dawn is Alive!",
    "duration": "3:54",
    "description": "",
    "audio": "/songs/God Gave Me Everything.m4a"
  },
  {
    "title": "Mrs. Schrader’s Garden",
    "duration": "3:59",
    "description": "",
    "audio": "/songs/Mrs. Schrader's Garden.m4a"
  },
  {
    "title": "In Your Name",
    "duration": "3:11",
    "description": "",
    "audio": "/songs/God Gave Me Everything.m4a"
  },
  {
    "title": "Faithful Servant",
    "duration": "4:11",
    "description": "",
    "audio": "/songs/God Gave Me Everything.m4a"
  },
  {
    "title": "Say the Word!",
    "duration": "2:55",
    "description": "",
    "audio": "/songs/God Gave Me Everything.m4a"
  },
  {
    "title": "Jerusalem",
    "duration": "3:35",
    "description": "",
    "audio": "/songs/God Gave Me Everything.m4a"
  },
  {
    "title": "Sister Mary Boniface",
    "duration": "4:22",
    "description": "",
    "audio": "/songs/God Gave Me Everything.m4a"
  },
  {
    "title": "Hardships & Trials",
    "duration": "3:22",
    "description": "",
    "audio": "/songs/God Gave Me Everything.m4a"
  },
  {
    "title": "Psalm 116",
    "duration": "3:07",
    "description": "",
    "audio": "/songs/God Gave Me Everything.m4a"
  },
  {
    "title": "God Gave Me Everything",
    "duration": "4:15",
    "description": "",
    "audio": "/songs/God Gave Me Everything.m4a"
  },
  {
    "title": "Holy Is His Name",
    "duration": "3:01",
    "note": "The Magnificat",
    "description": "",
    "audio": "/songs/Holy Is His Name.m4a"
  },
  {
    "title": "For You Are My People",
    "duration": "3:43",
    "description": "",
    "audio": "/songs/God Gave Me Everything.m4a"
  },
  {
    "title": "A Believing Thomas",
    "duration": "3:09",
    "description": "",
    "audio": "/songs/God Gave Me Everything.m4a"
  },
  {
    "title": "Silent Prayer",
    "duration": "4:21",
    "note": "Lyrics by My Mom",
    "description": "",
    "audio": "/songs/God Gave Me Everything.m4a"
  },
  {
    "title": "Paradise Bay",
    "duration": "4:20",
    "description": "",
    "audio": "/songs/God Gave Me Everything.m4a"
  }
]
