{
  "writings": [
    {
      "title": "Fellowship Excerpt",
      "content": "I wish it need not have happened in my time, but so do all who live to see such times."
    },
    {
      "title": "Towers Excerpt",
      "content": "There is some good in this world, and it’s worth fighting for."
    },
    {
      "title": "King Excerpt",
      "content": "The time of the Elves is over, and the dominion of Men has begun."
    }
  ],
  "poetry": [
    {
      "title": "The Road Goes Ever On",
      "content": "The Road goes ever on and on, down from the door where it began..."
    },
    {
      "title": "Song of Durin",
      "content": "The world was young, the mountains green, no stain yet on the Moon was seen..."
    },
    {
      "title": "Lament for Gandalf",
      "content": "I will not say: do not weep; for not all tears are an evil."
    }
  ],
  "letters": [
    {
      "title": "Letter 131: Reflection on War",
      "content": "I feel that it is time for me to give an account of my adventures, not as a tale of wonder, but as a humble chronicle of my own experiences."
    },
    {
      "title": "Letter 210: On Hope",
      "content": "In these dark days, even the smallest light shines brightly in the heart of those who believe."
    },
    {
      "title": "Letter 196: Thoughts on the West",
      "content": "It is a strange thing that men cannot be forever loyal to the cause of hope, for their hearts are ever prone to wander."
    }
  ]
}
